[
  {
    "idx": "SSN000000",
    "link_id_list": [
      "A219AS319501",
      "A219AS319502"
    ],
    "point": [
      [
        1633.325,
        -938.0579,
        8.998644
      ],
      [
        1630.183,
        -941.0399,
        8.989644
      ]
    ],
    "intersection_controller_id": "IntTL1",
    "signal_id_list": [
      "C119AS318297",
      "C119AS318298"
    ]
  },
  {
    "idx": "SSN000001",
    "link_id_list": [
      "A219AS319499",
      "A219AS319500"
    ],
    "point": [
      [
        1624.68,
        -926.4578,
        8.465644
      ],
      [
        1627.354,
        -923.6568,
        8.435644
      ],
      [
        1615.697,
        -932.7928,
        5.731644
      ]
    ],
    "intersection_controller_id": "IntTL1",
    "signal_id_list": [
      "C119AS318391",
      "C119AS318392",
      "C119AS318300"
    ]
  },
  {
    "idx": "SSN000002",
    "link_id_list": [
      "A219AS319497"
    ],
    "point": [
      [
        1619.797,
        -944.2288,
        5.607644
      ],
      [
        1630.61,
        -922.8328,
        8.659644
      ],
      [
        1632.462,
        -924.4908,
        8.672644
      ],
      [
        1633.117,
        -925.5208,
        6.069644
      ],
      [
        1628.256,
        -942.5599,
        6.086644
      ]
    ],
    "intersection_controller_id": "IntTL1",
    "signal_id_list": [
      "C119AS318384",
      "C119AS318394",
      "C119AS318395",
      "C119AS318384",
      "C119AS318394",
      "C119AS318395",
      "C119AS318393",
      "C119AS318299"
    ]
  },
  {
    "idx": "SSN000003",
    "link_id_list": [
      "A219AS319488",
      "A219AS319487",
      "A219AS319486",
      "A219AS319485",
      "A219AS319117"
    ],
    "point": [
      [
        1427.985,
        -1145.337,
        7.714644
      ],
      [
        1424.991,
        -1143.075,
        7.668644
      ],
      [
        1414.509,
        -1132.302,
        4.310644
      ],
      [
        1435.739,
        -1121.709,
        4.548644
      ]
    ],
    "intersection_controller_id": "IntTL2",
    "signal_id_list": [
      "C119AS318063",
      "C119AS318065",
      "C119AS318361",
      "C119AS318362"
    ]
  },
  {
    "idx": "SSN000004",
    "link_id_list": [
      "A219AS319481",
      "A219AS319482",
      "A219AS319483",
      "A219AS319484",
      "A219AS318615"
    ],
    "point": [
      [
        1460.587,
        -1124.832,
        7.608644
      ],
      [
        1463.252,
        -1126.822,
        7.573644
      ],
      [
        1447.207,
        -1158.399,
        5.025644
      ],
      [
        1470.12,
        -1148.136,
        4.618644
      ]
    ],
    "intersection_controller_id": "IntTL2",
    "signal_id_list": [
      "C119AS318367",
      "C119AS318368",
      "C119AS318383",
      "C119AS318396"
    ]
  },
  {
    "idx": "SSN000005",
    "link_id_list": [
      "A219AS319112"
    ],
    "point": [
      [
        1420.902,
        -1140.559,
        4.928644
      ],
      [
        1436.664,
        -1165.104,
        5.047644
      ],
      [
        1452.094,
        -1151.916,
        7.815644
      ],
      [
        1449.604,
        -1154.527,
        7.822644
      ]
    ],
    "intersection_controller_id": "IntTL2",
    "signal_id_list": [
      "C119AS318067",
      "C119AS318069",
      "C119AS318363",
      "C119AS318364"
    ]
  },
  {
    "idx": "SSN000006",
    "link_id_list": [
      "A219AS319494",
      "A219AS319493",
      "A219AS319495"
    ],
    "point": [
      [
        1431.242,
        -1128.213,
        7.585
      ],
      [
        1433.64,
        -1125.362,
        7.591644
      ],
      [
        1468.211,
        -1131.76,
        4.796644
      ],
      [
        1444.246,
        -1111.993,
        4.543644
      ]
    ],
    "intersection_controller_id": "IntTL2",
    "signal_id_list": [
      "C119AS318365",
      "C119AS318366",
      "C119AS318369",
      "C119AS318370"
    ]
  },
  {
    "idx": "SSN000007",
    "link_id_list": [
      "A219AS319473",
      "A219AS319474",
      "A219AS319475"
    ],
    "point": [
      [
        1100.03,
        -1605.799,
        9.003644
      ],
      [
        1102.156,
        -1607.848,
        9.030644
      ]
    ],
    "intersection_controller_id": "IntTL3",
    "signal_id_list": [
      "C119AS318071",
      "C119AS318073"
    ]
  },
  {
    "idx": "SSN000008",
    "link_id_list": [
      "A219AS319476",
      "A219AS319477",
      "A219AS319478",
      "A219AS319479",
      "A219AS319480"
    ],
    "point": [
      [
        1042.889,
        -1641.895,
        9.215644
      ],
      [
        1045.239,
        -1643.606,
        9.225644
      ],
      [
        1071.245,
        -1596.996,
        6.655644
      ],
      [
        1093.998,
        -1628.442,
        6.270644
      ]
    ],
    "intersection_controller_id": "IntTL3",
    "signal_id_list": [
      "C119AS318075",
      "C119AS318077",
      "C119AS318079",
      "C119AS318081"
    ]
  },
  {
    "idx": "SSN000009",
    "link_id_list": [
      "A219AS319466",
      "A219AS319465",
      "A219AS319464",
      "A219AS319463",
      "A219AS319462",
      "A219AS318545"
    ],
    "point": [
      [
        946.9202,
        -1770.228,
        8.812644
      ],
      [
        951.3593,
        -1774.038,
        8.753644
      ],
      [
        971.2123427592569,
        -1737.913959047819,
        8.925644185481595
      ],
      [
        975.6973701932649,
        -1741.1366460139277,
        8.925644185481595
      ],
      [
        962.1252,
        -1736.095,
        6.233644
      ],
      [
        937.0072,
        -1755.661,
        6.072644
      ]
    ],
    "intersection_controller_id": "IntTL4",
    "signal_id_list": [
      "C119AS318087",
      "C119AS318085",
      "SN001544",
      "SN002061",
      "C119AS318099",
      "C119AS318101"
    ]
  },
  {
    "idx": "SSN000010",
    "link_id_list": [
      "A219AS319467",
      "A219AS319468",
      "A219AS319469",
      "A219AS319470",
      "A219AS319471",
      "A219AS319472"
    ],
    "point": [
      [
        981.632,
        -1751.71,
        8.645
      ],
      [
        983.9622,
        -1753.429,
        8.64
      ],
      [
        953.7910375263798,
        -1785.6481873224216,
        8.925644185481595
      ],
      [
        957.023249895456,
        -1788.341697481554,
        8.925644185481595
      ],
      [
        971.0798,
        -1787.93,
        6.398644
      ],
      [
        998.6548,
        -1770.753,
        6.199644
      ]
    ],
    "intersection_controller_id": "IntTL4",
    "signal_id_list": [
      "C119AS318089",
      "C119AS318091",
      "SN000513",
      "SN001028",
      "C119AS318207",
      "C119AS318211"
    ]
  },
  {
    "idx": "SSN000011",
    "link_id_list": [
      "A219AS318475",
      "A219AS319452",
      "A219AS319453",
      "A219AS319454",
      "A219AS319455",
      "A219AS319456"
    ],
    "point": [
      [
        940.733882919694,
        -1744.0265002903627,
        8.925644185481595
      ],
      [
        938.0444518341235,
        -1748.1502943943235,
        8.925644185481595
      ],
      [
        977.6667,
        -1780.28,
        8.827644
      ],
      [
        975.6407,
        -1782.262,
        8.802644
      ],
      [
        963.0008,
        -1794.515,
        5.597644
      ],
      [
        943.1097,
        -1767.755,
        6.132644
      ],
      [
        989.0716611973082,
        -1780.2023341044126,
        8.925644185481595
      ]
    ],
    "intersection_controller_id": "IntTL4",
    "signal_id_list": [
      "SN004135",
      "SN003616",
      "C119AS318203",
      "C119AS318205",
      "C119AS318135",
      "C119AS318209",
      "SN006221"
    ]
  },
  {
    "idx": "SSN000012",
    "link_id_list": [
      "A219AS319458",
      "A219AS319457",
      "A219AS319459",
      "A219AS319460",
      "A219AS319461"
    ],
    "point": [
      [
        940.8689334902939,
        -1744.3409261136578,
        8.925644185481595
      ],
      [
        956.407,
        -1744.88,
        8.696
      ],
      [
        958.25,
        -1742.51,
        8.65
      ],
      [
        991.4950357777063,
        -1777.3855573157666,
        8.925644185481595
      ],
      [
        989.1436424592678,
        -1780.4234656426916,
        8.925644185481595
      ],
      [
        990.1932,
        -1757.819,
        6.197644
      ],
      [
        971.1852,
        -1730.996,
        5.921644
      ]
    ],
    "intersection_controller_id": "IntTL4",
    "signal_id_list": [
      "SN005698",
      "C119AS318095",
      "C119AS318097",
      "SN004655",
      "SN005176",
      "C119AS318093",
      "C119AS318083"
    ]
  },
  {
    "idx": "SSN000013",
    "link_id_list": [
      "A219AS319447",
      "A219AS319446",
      "A219AS319445"
    ],
    "point": [
      [
        481.764,
        -1137.851,
        6.426644
      ],
      [
        483.9958,
        -1135.992,
        6.377644
      ]
    ],
    "intersection_controller_id": "IntTL5",
    "signal_id_list": [
      "C119AS318105",
      "C119AS318107"
    ]
  },
  {
    "idx": "SSN000014",
    "link_id_list": [
      "A219AS318375"
    ],
    "point": [
      [
        518.9098,
        -1166.706,
        3.517644
      ],
      [
        496.9708,
        -1170.495,
        6.876
      ],
      [
        492.5948,
        -1174.385,
        6.872
      ],
      [
        489.7178,
        -1177.899,
        3.685644
      ]
    ],
    "intersection_controller_id": "IntTL5",
    "signal_id_list": [
      "C119AS318103",
      "C119AS318125",
      "C119AS318127",
      "C119AS318129"
    ]
  },
  {
    "idx": "SSN000015",
    "link_id_list": [
      "A219AS318375"
    ],
    "point": [
      [
        489.7578,
        -1131.246,
        3.325644
      ],
      [
        473.5552,
        -1158.462,
        3.363644
      ],
      [
        486.24,
        -1173.08,
        6.845644
      ],
      [
        488.048,
        -1175.344,
        6.828644
      ]
    ],
    "intersection_controller_id": "IntTL5",
    "signal_id_list": [
      "C119AS318109",
      "C119AS318123",
      "C119AS318131",
      "C119AS318133"
    ]
  },
  {
    "idx": "SSN000016",
    "link_id_list": [
      "A219AS319430"
    ],
    "point": [
      [
        378.3214,
        -1012.448,
        3.856644
      ],
      [
        364.3404,
        -1001.075,
        3.835644
      ],
      [
        333.07,
        -1006.45,
        6.722145
      ],
      [
        331.294,
        -1008.665,
        6.739145
      ]
    ],
    "intersection_controller_id": "IntTL6",
    "signal_id_list": [
      "C119AS318289",
      "C119AS318290",
      "C119AS318398",
      "C119AS318399"
    ]
  },
  {
    "idx": "SSN000017",
    "link_id_list": [
      "A219AS318401"
    ],
    "point": [
      [
        381.1198,
        -1034.115,
        3.395644
      ],
      [
        361.622,
        -1044.276,
        5.408
      ],
      [
        359.595,
        -1046.503,
        5.463
      ],
      [
        354.6062,
        -1052.091,
        3.406644
      ]
    ],
    "intersection_controller_id": "IntTL6",
    "signal_id_list": [
      "C119AS318111",
      "C119AS318117",
      "C119AS318119",
      "C119AS318121"
    ]
  },
  {
    "idx": "SSN000018",
    "link_id_list": [
      "A219AS319439",
      "A219AS319438"
    ],
    "point": [
      [
        336.8078,
        -1038.545,
        6.472142
      ],
      [
        339.7179,
        -1041.06,
        6.550144
      ],
      [
        338.1132,
        -1000.681,
        3.631644
      ],
      [
        321.2308,
        -1025.891,
        3.744142
      ]
    ],
    "intersection_controller_id": "IntTL6",
    "signal_id_list": [
      "C119AS318405",
      "C119AS318406",
      "C119AS318115",
      "C119AS318407"
    ]
  },
  {
    "idx": "SSN000019",
    "link_id_list": [
      "A219AS319428",
      "A219AS319427",
      "A219AS319429"
    ],
    "point": [
      [
        99.7448,
        -828.5624,
        7.026144
      ],
      [
        97.80479,
        -830.6174,
        7.045144
      ]
    ],
    "intersection_controller_id": "IntTL7",
    "signal_id_list": [
      "C119AS318429",
      "C119AS318430"
    ]
  },
  {
    "idx": "SSN000020",
    "link_id_list": [
      "A219AS319350"
    ],
    "point": [
      [
        128.06,
        -841.0049,
        4.469145
      ],
      [
        102.0788,
        -855.2252,
        4.269142
      ],
      [
        121.9188,
        -861.5034,
        7.047144
      ],
      [
        123.7498,
        -859.0874,
        7.155144
      ]
    ],
    "intersection_controller_id": "IntTL7",
    "signal_id_list": [
      "C119AS318400",
      "C119AS318408",
      "C119AS318427",
      "C119AS318428"
    ]
  },
  {
    "idx": "SSN000021",
    "link_id_list": [
      "A219AS319379"
    ],
    "point": [
      [
        -169.8522,
        -647.0562,
        3.611142
      ],
      [
        -148.6712,
        -621.2609,
        3.591644
      ],
      [
        -132.1412,
        -676.4711,
        6.738806
      ],
      [
        -129.8042,
        -678.1422,
        6.781878
      ]
    ],
    "intersection_controller_id": "IntTL8",
    "signal_id_list": [
      "C119AS318413",
      "C119AS318404",
      "C119AS318409",
      "C119AS318412"
    ]
  },
  {
    "idx": "SSN000022",
    "link_id_list": [
      "A219AS319414",
      "A219AS319415",
      "A219AS319416",
      "A219AS319417"
    ],
    "point": [
      [
        -130.3152,
        -669.1241,
        6.482142
      ],
      [
        -128.0082,
        -666.8511,
        6.475142
      ],
      [
        -147.17319800856058,
        -673.0023680068552,
        3.328644166408111
      ],
      [
        -159.80019800859736,
        -663.372368006967,
        3.3776441664081105
      ]
    ],
    "intersection_controller_id": "IntTL8",
    "signal_id_list": [
      "C119AS318411",
      "C119AS318410",
      "C1218C100001",
      "C1218C100002"
    ]
  },
  {
    "idx": "SSN000023",
    "link_id_list": [
      "A219AS319229"
    ],
    "point": [
      [
        -107.4412,
        -639.0624,
        3.155144
      ],
      [
        -97.05095,
        -659.0249,
        3.413145
      ],
      [
        -155.58,
        -629.1949,
        6.306145
      ],
      [
        -153.2579,
        -626.2519,
        6.272145
      ]
    ],
    "intersection_controller_id": "IntTL8",
    "signal_id_list": [
      "C119AS318451",
      "C119AS318401",
      "C119AS318402",
      "C119AS318403"
    ]
  },
  {
    "idx": "SSN000024",
    "link_id_list": [
      "A219AS319406",
      "A219AS319407",
      "A219AS319408",
      "A219AS319409"
    ],
    "point": [
      [
        -531.2802,
        -348.1721,
        6.578
      ],
      [
        -553.8272,
        -319.6934,
        6.157644
      ],
      [
        -556.8382,
        -321.3974,
        6.216644
      ],
      [
        -556.9262,
        -333.6234,
        3.600644
      ]
    ],
    "intersection_controller_id": "IntTL9",
    "signal_id_list": [
      "C119AS318414",
      "C119AS318422",
      "C119AS318423",
      "C119AS318426"
    ]
  },
  {
    "idx": "SSN000025",
    "link_id_list": [
      "A219AS319413"
    ],
    "point": [
      [
        -551.26,
        -339.836,
        6.314644
      ],
      [
        -521.0367,
        -323.0734,
        5.963
      ],
      [
        -523.2257,
        -319.2874,
        5.996
      ],
      [
        -534.5782,
        -318.3644,
        3.331644
      ],
      [
        -562.3422,
        -325.3554,
        3.525644
      ]
    ],
    "intersection_controller_id": "IntTL9",
    "signal_id_list": [
      "C119AS318425",
      "C119AS318444",
      "C119AS318445",
      "C119AS318421",
      "C119AS318424"
    ]
  },
  {
    "idx": "SSN000026",
    "link_id_list": [
      "A219AS319406"
    ],
    "point": [
      [
        -516.2342,
        -337.0121,
        3.137142
      ],
      [
        -514.624,
        -353.249,
        5.826644
      ],
      [
        -512.492,
        -350.575,
        5.703644
      ],
      [
        -541.7,
        -325.93,
        6.113
      ],
      [
        -526.5597,
        -315.0774,
        3.044144
      ]
    ],
    "intersection_controller_id": "IntTL9",
    "signal_id_list": [
      "C119AS318416",
      "C119AS318417",
      "C119AS318418",
      "C119AS318420",
      "C119AS318446"
    ]
  },
  {
    "idx": "SSN000027",
    "link_id_list": [],
    "point": [
      [
        -523.5332060825313,
        -319.4013750227168,
        5.966644141612576
      ],
      [
        -521.3222062360728,
        -323.2413749350235,
        6.056644055781888
      ],
      [
        -523.5872,
        -329.6164,
        5.829644
      ],
      [
        -508.7762,
        -344.6921,
        2.962142
      ],
      [
        -536.9692,
        -354.5151,
        3.486142
      ]
    ],
    "intersection_controller_id": "IntTL9",
    "signal_id_list": [
      "C119AS318434",
      "C119AS318433",
      "C119AS318435",
      "C119AS318419",
      "C119AS318415"
    ]
  },
  {
    "idx": "SSN000028",
    "link_id_list": [
      "A219AS319589",
      "A219AS319590",
      "A219AS319591",
      "A219AS319592"
    ],
    "point": [
      [
        -303.8222,
        -194.1694,
        4.573144
      ],
      [
        -302.2972,
        -197.2174,
        4.592144
      ]
    ],
    "intersection_controller_id": "IntTL10",
    "signal_id_list": [
      "C119AS318436",
      "C119AS318437"
    ]
  },
  {
    "idx": "SSN000029",
    "link_id_list": [
      "A219AS319881"
    ],
    "point": [
      [
        -329.0902,
        -187.0104,
        4.698144
      ],
      [
        -327.4512,
        -186.0724,
        4.761144
      ]
    ],
    "intersection_controller_id": "IntTL10",
    "signal_id_list": [
      "C119AS318438",
      "C119AS318439"
    ]
  },
  {
    "idx": "SSN000030",
    "link_id_list": [
      "A219AS319588",
      "A219AS319587",
      "A219AS319586"
    ],
    "point": [
      [
        -340.9752,
        -208.1004,
        4.832
      ],
      [
        -342.3602,
        -205.0974,
        4.864
      ]
    ],
    "intersection_controller_id": "IntTL10",
    "signal_id_list": [
      "C119AS318442",
      "C119AS318443"
    ]
  },
  {
    "idx": "SSN000031",
    "link_id_list": [
      "A219AS319276"
    ],
    "point": [
      [
        -15.796,
        -24.335,
        3.085644
      ],
      [
        -12.16315,
        -19.6097,
        5.354
      ],
      [
        -10.51515,
        -17.3227,
        5.34
      ]
    ],
    "intersection_controller_id": "IntTL11",
    "signal_id_list": [
      "C119AS318027",
      "C119AS318028",
      "C119AS318029"
    ]
  },
  {
    "idx": "SSN000032",
    "link_id_list": [
      "A219AS318037"
    ],
    "point": [
      [
        -15.82915,
        10.3843,
        2.825644
      ],
      [
        -28.07915,
        -1.061704,
        5.695644
      ],
      [
        -26.08215,
        1.204296,
        5.641644
      ],
      [
        2.84,
        -10.08,
        2.764644
      ]
    ],
    "intersection_controller_id": "IntTL11",
    "signal_id_list": [
      "C119AS318021",
      "C119AS318024",
      "C119AS318025",
      "C119AS318032"
    ]
  },
  {
    "idx": "SSN000033",
    "link_id_list": [
      "A219AS319575",
      "A219AS319576",
      "A219AS319577",
      "A219AS319578"
    ],
    "point": [
      [
        -6.27,
        -5.12,
        5.92
      ],
      [
        -4.3,
        -6.68,
        5.89
      ],
      [
        -15.112,
        -24.09,
        3.229
      ],
      [
        6.705855,
        -14.3047,
        2.879644
      ]
    ],
    "intersection_controller_id": "IntTL11",
    "signal_id_list": [
      "C119AS318030",
      "C119AS318031",
      "C119AS318026",
      "C119AS318033"
    ]
  },
  {
    "idx": "SSN000034",
    "link_id_list": [
      "A219AS319193"
    ],
    "point": [
      [
        -39.037,
        -6.862,
        2.723644
      ],
      [
        -23.36715,
        5.505296,
        2.849644
      ],
      [
        -31.27471,
        -14.59937,
        5.351644
      ],
      [
        -33.64571,
        -12.42237,
        5.234644
      ]
    ],
    "intersection_controller_id": "IntTL11",
    "signal_id_list": [
      "C119AS318022",
      "C119AS318023",
      "C119AS318440",
      "C119AS318441"
    ]
  },
  {
    "idx": "SSN000035",
    "link_id_list": [
      "A219AS319566",
      "A219AS319565",
      "A219AS319564",
      "A219AS319563",
      "A219AS319562",
      "A219AS319561"
    ],
    "point": [
      [
        176.7619,
        172.1013,
        10.33264
      ],
      [
        174.8759,
        174.2503,
        10.21864
      ]
    ],
    "intersection_controller_id": "IntTL12",
    "signal_id_list": [
      "C119AS318019",
      "C119AS318020"
    ]
  },
  {
    "idx": "SSN000036",
    "link_id_list": [
      "A219AS318217"
    ],
    "point": [
      [
        219.9629,
        161.3253,
        8.407644
      ],
      [
        189.6729,
        143.9503,
        7.223644
      ],
      [
        210.095,
        180.14,
        11.12
      ],
      [
        208.063,
        182.32,
        11.124
      ]
    ],
    "intersection_controller_id": "IntTL12",
    "signal_id_list": [
      "C119AS318016",
      "C119AS318034",
      "C119AS318036",
      "C119AS318037"
    ]
  },
  {
    "idx": "SSN000037",
    "link_id_list": [
      "A219AS319560",
      "A219AS319559",
      "A219AS319558"
    ],
    "point": [
      [
        173.3489,
        178.8343,
        10.75564
      ],
      [
        214.9599,
        174.4093,
        9.173644
      ],
      [
        183.9129,
        191.8973,
        8.152644
      ],
      [
        218.3629,
        157.7583,
        10.92164
      ],
      [
        216.6319,
        155.3383,
        10.88464
      ]
    ],
    "intersection_controller_id": "IntTL12",
    "signal_id_list": [
      "C119AS318018",
      "C119AS318035",
      "C119AS318017",
      "C119AS318072",
      "C119AS318074"
    ]
  },
  {
    "idx": "SSN000038",
    "link_id_list": [
      "A219AS318205"
    ],
    "point": [
      [
        451.3669,
        20.2373,
        3.222644
      ],
      [
        450.1669,
        -4.111704,
        3.233644
      ],
      [
        423.9388,
        6.190296,
        6.400644
      ],
      [
        421.7368,
        8.113296,
        6.495644
      ]
    ],
    "intersection_controller_id": "IntTL13",
    "signal_id_list": [
      "C119AS318014",
      "C119AS318007",
      "C119AS318004",
      "C119AS318005"
    ]
  },
  {
    "idx": "SSN000039",
    "link_id_list": [
      "A219AS319549",
      "A219AS319550",
      "A219AS319551"
    ],
    "point": [
      [
        448.6139,
        15.9963,
        6.063644
      ],
      [
        446.9409,
        13.1453,
        6.094644
      ],
      [
        406.0779,
        22.0033,
        3.296644
      ],
      [
        425.2188,
        36.3153,
        3.303644
      ]
    ],
    "intersection_controller_id": "IntTL13",
    "signal_id_list": [
      "C119AS318012",
      "C119AS318013",
      "C119AS318002",
      "C119AS318015"
    ]
  },
  {
    "idx": "SSN000040",
    "link_id_list": [
      "A219AS318328"
    ],
    "point": [
      [
        406.1019,
        8.294296,
        3.180644
      ],
      [
        426.4849,
        3.575296,
        3.460644
      ],
      [
        410.3658,
        29.5753,
        6.038644
      ],
      [
        408.5029,
        26.6683,
        6.023644
      ]
    ],
    "intersection_controller_id": "IntTL13",
    "signal_id_list": [
      "C119AS318003",
      "C119AS318006",
      "C119AS318076",
      "C119AS318078"
    ]
  },
  {
    "idx": "SSN000041",
    "link_id_list": [
      "A219AS318197"
    ],
    "point": [
      [
        682.2889,
        -147.9667,
        3.325644
      ],
      [
        695.6639,
        -129.1937,
        3.418644
      ],
      [
        723.3294,
        -153.5445,
        6.460644
      ],
      [
        725.3774,
        -150.9445,
        6.372644
      ]
    ],
    "intersection_controller_id": "IntTL14",
    "signal_id_list": [
      "C119AS318010",
      "C119AS318011",
      "C119AS318202",
      "C119AS318204"
    ]
  },
  {
    "idx": "SSN000042",
    "link_id_list": [
      "A219AS319543",
      "A219AS319544"
    ],
    "point": [
      [
        684.9288,
        -143.8957,
        5.859644
      ],
      [
        686.7618,
        -140.9587,
        5.812644
      ],
      [
        699.5184,
        -170.5495,
        3.235644
      ],
      [
        681.4494,
        -159.4925,
        3.339644
      ]
    ],
    "intersection_controller_id": "IntTL14",
    "signal_id_list": [
      "C119AS318008",
      "C119AS318009",
      "C119AS318196",
      "C119AS318272"
    ]
  },
  {
    "idx": "SSN000043",
    "link_id_list": [
      "A219AS319546",
      "A219AS319547",
      "A219AS318270"
    ],
    "point": [
      [
        697.2484,
        -168.0975,
        6.092644
      ],
      [
        694.6504,
        -165.9225,
        6.097644
      ],
      [
        727.3444,
        -148.4145,
        3.540644
      ],
      [
        725.07,
        -172.427,
        3.325644
      ]
    ],
    "intersection_controller_id": "IntTL14",
    "signal_id_list": [
      "C119AS318198",
      "C119AS318200",
      "C119AS318206",
      "C119AS318273"
    ]
  },
  {
    "idx": "SSN000044",
    "link_id_list": [
      "A219AS318830",
      "A219AS318828"
    ],
    "point": [
      [
        813.6684,
        -208.6225,
        6.459644
      ],
      [
        815.6184,
        -206.2905,
        6.428644
      ]
    ],
    "intersection_controller_id": "IntTL15",
    "signal_id_list": [
      "C119AS318208",
      "C119AS318210"
    ]
  },
  {
    "idx": "SSN000045",
    "link_id_list": [
      "A219AS318822"
    ],
    "point": [
      [
        817.1734,
        -203.3695,
        3.539644
      ],
      [
        805.6664,
        -210.6435,
        6.242644
      ],
      [
        803.8564,
        -213.2415,
        6.246644
      ],
      [
        801.2714,
        -217.7485,
        3.434644
      ]
    ],
    "intersection_controller_id": "IntTL15",
    "signal_id_list": [
      "C119AS318212",
      "C119AS318214",
      "C119AS318215",
      "C119AS318216"
    ]
  },
  {
    "idx": "SSN000046",
    "link_id_list": [
      "A219AS319529",
      "A219AS319530",
      "A219AS319531"
    ],
    "point": [
      [
        962.2074,
        -339.1655,
        6.551644
      ],
      [
        964.6824,
        -337.1665,
        6.442644
      ],
      [
        923.8644,
        -329.5835,
        3.865644
      ]
    ],
    "intersection_controller_id": "IntTL16",
    "signal_id_list": [
      "C119AS318220",
      "C119AS318221",
      "C119AS318219"
    ]
  },
  {
    "idx": "SSN000047",
    "link_id_list": [
      "A219AS319533",
      "A219AS319532"
    ],
    "point": [
      [
        928.2994,
        -326.1465,
        6.453644
      ],
      [
        937.6294,
        -350.6835,
        3.733644
      ],
      [
        930.5134,
        -324.1915,
        6.467644
      ]
    ],
    "intersection_controller_id": "IntTL16",
    "signal_id_list": [
      "C119AS318218",
      "C119AS318225",
      "C119AS318217"
    ]
  },
  {
    "idx": "SSN000048",
    "link_id_list": [
      "A219AS318816"
    ],
    "point": [
      [
        967.1704,
        -335.1535,
        3.530644
      ],
      [
        933.2084,
        -345.7145,
        6.613644
      ],
      [
        935.4514,
        -347.9955,
        6.552644
      ],
      [
        960.9489,
        -358.1611,
        3.567644
      ]
    ],
    "intersection_controller_id": "IntTL16",
    "signal_id_list": [
      "C119AS318222",
      "C119AS318223",
      "C119AS318224",
      "C119AS318296"
    ]
  },
  {
    "idx": "SSN000049",
    "link_id_list": [
      "A219AS319525",
      "A219AS319524"
    ],
    "point": [
      [
        1072.504,
        -447.9931,
        3.388644
      ],
      [
        1070.552,
        -450.6351,
        3.383644
      ],
      [
        1067.447,
        -471.2379,
        0.546644
      ],
      [
        1081.682,
        -482.2489,
        0.638644
      ]
    ],
    "intersection_controller_id": "IntTL17",
    "signal_id_list": [
      "C119AS318294",
      "C119AS318295",
      "C119AS318325",
      "C119AS318326"
    ]
  },
  {
    "idx": "SSN000050",
    "link_id_list": [
      "A219AS318980"
    ],
    "point": [
      [
        1105.968,
        -459.4639,
        0.880644
      ],
      [
        1102.142,
        -478.3859,
        1.285644
      ],
      [
        1076.847,
        -477.5779,
        3.592644
      ],
      [
        1079.308,
        -479.8319,
        3.497644
      ]
    ],
    "intersection_controller_id": "IntTL17",
    "signal_id_list": [
      "C119AS318321",
      "C119AS318324",
      "C119AS318327",
      "C119AS318328"
    ]
  },
  {
    "idx": "SSN000051",
    "link_id_list": [
      "A219AS319523",
      "A219AS319522"
    ],
    "point": [
      [
        1101.105,
        -464.1869,
        3.747644
      ],
      [
        1103.155,
        -461.9329,
        3.815644
      ]
    ],
    "intersection_controller_id": "IntTL17",
    "signal_id_list": [
      "C119AS318322",
      "C119AS318323"
    ]
  },
  {
    "idx": "SSN000052",
    "link_id_list": [
      "A219AS318978"
    ],
    "point": [
      [
        1266.865,
        -604.7889,
        5.276644
      ],
      [
        1259.094,
        -618.7759,
        5.070644
      ],
      [
        1264.008,
        -613.7809,
        7.784644
      ],
      [
        1262.145,
        -616.1999,
        7.831644
      ]
    ],
    "intersection_controller_id": "IntTL18",
    "signal_id_list": [
      "C119AS318315",
      "C119AS318316",
      "C119AS318317",
      "C119AS318318"
    ]
  },
  {
    "idx": "SSN000053",
    "link_id_list": [
      "A219AS319519",
      "A219AS319518"
    ],
    "point": [
      [
        1262.232,
        -609.5699,
        8.088644
      ],
      [
        1264.348,
        -607.1169,
        8.071644
      ]
    ],
    "intersection_controller_id": "IntTL18",
    "signal_id_list": [
      "C119AS318319",
      "C119AS318320"
    ]
  },
  {
    "idx": "SSN000054",
    "link_id_list": [
      "A219AS319511",
      "A219AS319512"
    ],
    "point": [
      [
        1364.074,
        -694.2629,
        8.179644
      ],
      [
        1362.105,
        -696.3639,
        8.160644
      ]
    ],
    "intersection_controller_id": "IntTL19",
    "signal_id_list": [
      "C119AS318311",
      "C119AS318312"
    ]
  },
  {
    "idx": "SSN000055",
    "link_id_list": [
      "A219AS318976"
    ],
    "point": [
      [
        1366.931,
        -691.8729,
        5.221644
      ],
      [
        1361.961,
        -711.6708,
        5.243644
      ],
      [
        1348.977,
        -703.2979,
        7.718
      ],
      [
        1351.096,
        -705.3138,
        7.622644
      ]
    ],
    "intersection_controller_id": "IntTL19",
    "signal_id_list": [
      "C119AS318313",
      "C119AS318314",
      "C119AS318371",
      "C119AS318372"
    ]
  },
  {
    "idx": "SSN000056",
    "link_id_list": [
      "A219AS319014"
    ],
    "point": [
      [
        1348.0,
        -709.5029,
        4.709644
      ],
      [
        1339.848,
        -694.4349,
        4.811644
      ],
      [
        1344.805,
        -689.1378,
        7.875644
      ],
      [
        1342.503,
        -691.5558,
        7.762644
      ]
    ],
    "intersection_controller_id": "IntTL19",
    "signal_id_list": [
      "C119AS318373",
      "C119AS318374",
      "C119AS318379",
      "C119AS318380"
    ]
  },
  {
    "idx": "SSN000057",
    "link_id_list": [
      "A219AS319506",
      "A219AS319507"
    ],
    "point": [
      [
        1511.85,
        -844.4369,
        5.567644
      ],
      [
        1518.981,
        -818.3619,
        4.714644
      ],
      [
        1512.81,
        -814.0469,
        7.226644
      ],
      [
        1515.49,
        -816.0319,
        7.109644
      ]
    ],
    "intersection_controller_id": "IntTL20",
    "signal_id_list": [
      "C119AS318376",
      "C119AS318304",
      "C119AS318302",
      "C119AS318303"
    ]
  },
  {
    "idx": "SSN000058",
    "link_id_list": [
      "A219AS319505",
      "A219AS319504",
      "A219AS319503"
    ],
    "point": [
      [
        1498.58,
        -815.912,
        7.618644
      ],
      [
        1500.46,
        -813.67,
        7.525644
      ]
    ],
    "intersection_controller_id": "IntTL20",
    "signal_id_list": [
      "C119AS318305",
      "C119AS318306"
    ]
  },
  {
    "idx": "SSN000059",
    "link_id_list": [
      "A219AS319503"
    ],
    "point": [
      [
        1488.022,
        -833.7379,
        4.802644
      ],
      [
        1499.167,
        -844.1288,
        5.007644
      ],
      [
        1516.704,
        -840.0178,
        8.474644
      ]
    ],
    "intersection_controller_id": "IntTL20",
    "signal_id_list": [
      "C119AS318309",
      "C119AS318310",
      "C119AS318375"
    ]
  },
  {
    "idx": "SSN000060",
    "link_id_list": [
      "A219AS319503"
    ],
    "point": [
      [
        1492.186,
        -837.5688,
        7.751644
      ],
      [
        1490.106,
        -835.7758,
        7.729644
      ],
      [
        1503.169,
        -809.0389,
        4.739644
      ],
      [
        1484.105,
        -819.8058,
        5.164644
      ]
    ],
    "intersection_controller_id": "IntTL20",
    "signal_id_list": [
      "C119AS318385",
      "C119AS318386",
      "C119AS318307",
      "C119AS318308"
    ]
  },
  {
    "idx": "SSN000061",
    "link_id_list": [
      "A219AS318823"
    ],
    "point": [
      [
        1082.222,
        -895.5523,
        15.47664
      ],
      [
        1064.411,
        -873.9643,
        15.28064
      ],
      [
        1072.276,
        -865.8318,
        18.342
      ],
      [
        1070.307,
        -868.083,
        18.56
      ]
    ],
    "intersection_controller_id": "IntTL21",
    "signal_id_list": [
      "C119AS318181",
      "C119AS318183",
      "C119AS318353",
      "C119AS318354"
    ]
  },
  {
    "idx": "SSN000062",
    "link_id_list": [
      "A219AS319709",
      "A219AS319708",
      "A219AS319707",
      "A219AS319706"
    ],
    "point": [
      [
        1093.846,
        -867.0649,
        18.257
      ],
      [
        1095.733,
        -864.7119,
        18.28
      ]
    ],
    "intersection_controller_id": "IntTL21",
    "signal_id_list": [
      "C119AS318355",
      "C119AS318356"
    ]
  },
  {
    "idx": "SSN000063",
    "link_id_list": [
      "A219AS318849",
      "A219AS318847"
    ],
    "point": [
      [
        892.7938,
        -1050.891,
        31.49764
      ],
      [
        891.9068,
        -1046.881,
        31.51864
      ]
    ],
    "intersection_controller_id": "IntTL52",
    "signal_id_list": [
      "C119AS318177",
      "C119AS318179"
    ]
  },
  {
    "idx": "SSN000064",
    "link_id_list": [
      "A219AS319813",
      "A219AS319812",
      "A219AS319811",
      "A219AS318741"
    ],
    "point": [
      [
        652.3177,
        -965.1193,
        8.732644
      ],
      [
        655.1348,
        -967.2733,
        8.689644
      ],
      [
        641.3148,
        -943.5343,
        6.012644
      ],
      [
        663.8358,
        -932.8103,
        6.149644
      ]
    ],
    "intersection_controller_id": "IntTL23",
    "signal_id_list": [
      "C119AS318141",
      "C119AS318143",
      "C119AS318153",
      "C119AS318155"
    ]
  },
  {
    "idx": "SSN000065",
    "link_id_list": [
      "A219AS318649"
    ],
    "point": [
      [
        660.4178,
        -985.7373,
        5.949644
      ],
      [
        648.3078,
        -962.5873,
        5.918644
      ],
      [
        684.4988,
        -973.2823,
        9.643644
      ],
      [
        686.727,
        -970.592,
        9.820644
      ]
    ],
    "intersection_controller_id": "IntTL23",
    "signal_id_list": [
      "C119AS318137",
      "C119AS318139",
      "C119AS318161",
      "C119AS318163"
    ]
  },
  {
    "idx": "SSN000066",
    "link_id_list": [
      "A219AS319819",
      "A219AS319820",
      "A219AS319821",
      "A219AS319822",
      "A219AS318775"
    ],
    "point": [
      [
        687.5708,
        -940.7913,
        9.207644
      ],
      [
        689.8127,
        -943.3223,
        9.136644
      ],
      [
        682.1227,
        -977.4023,
        6.749644
      ],
      [
        701.3488,
        -965.7573,
        7.551644
      ]
    ],
    "intersection_controller_id": "IntTL23",
    "signal_id_list": [
      "C119AS318145",
      "C119AS318147",
      "C119AS318165",
      "C119AS318167"
    ]
  },
  {
    "idx": "SSN000067",
    "link_id_list": [
      "A219AS319809",
      "A219AS319808",
      "A219AS318873"
    ],
    "point": [
      [
        658.6338,
        -939.3543,
        9.018644
      ],
      [
        660.8868,
        -936.8613,
        9.085644
      ],
      [
        693.8777,
        -945.9133,
        6.210644
      ],
      [
        681.6698,
        -922.5823,
        6.375644
      ]
    ],
    "intersection_controller_id": "IntTL23",
    "signal_id_list": [
      "C119AS318149",
      "C119AS318151",
      "C119AS318185",
      "C119AS318213"
    ]
  },
  {
    "idx": "SSN000068",
    "link_id_list": [
      "A219AS318715",
      "A219AS318713"
    ],
    "point": [
      [
        756.2258,
        -849.6783,
        9.894
      ],
      [
        753.5627,
        -847.2553,
        9.93
      ],
      [
        764.4778,
        -829.8543,
        7.169644
      ],
      [
        772.8358,
        -847.8903,
        6.971644
      ]
    ],
    "intersection_controller_id": "IntTL24",
    "signal_id_list": [
      "C119AS318189",
      "C119AS318191",
      "C119AS318193",
      "C119AS318195"
    ]
  },
  {
    "idx": "SSN000069",
    "link_id_list": [
      "A219AS318671",
      "A219AS318673"
    ],
    "point": [
      [
        779.8248,
        -829.1633,
        9.744644
      ],
      [
        782.7098,
        -831.9043,
        9.756
      ]
    ],
    "intersection_controller_id": "IntTL24",
    "signal_id_list": [
      "C119AS318187",
      "C119AS318197"
    ]
  },
  {
    "idx": "SSN000070",
    "link_id_list": [
      "A219AS319729"
    ],
    "point": [
      [
        850.6218,
        -722.6883,
        4.972644
      ],
      [
        862.7358,
        -745.8303,
        5.079644
      ],
      [
        847.1169,
        -690.5941,
        7.219644
      ],
      [
        845.2189,
        -692.9371,
        7.180644
      ],
      [
        893.028,
        -726.404,
        8.217644
      ]
    ],
    "intersection_controller_id": "IntTL25",
    "signal_id_list": [
      "C119AS318199",
      "C119AS318201",
      "C119AS318291",
      "C119AS318292",
      "C119AS318342"
    ]
  },
  {
    "idx": "SSN000071",
    "link_id_list": [
      "A219AS318778"
    ],
    "point": [
      [
        840.9778,
        -698.9461,
        4.240644
      ],
      [
        856.9619,
        -728.0898,
        7.820644
      ],
      [
        854.8519,
        -726.0519,
        7.994
      ],
      [
        869.8318,
        -681.8721,
        4.634645
      ]
    ],
    "intersection_controller_id": "IntTL25",
    "signal_id_list": [
      "C119AS318293",
      "C119AS318340",
      "C119AS318341",
      "C119AS318390"
    ]
  },
  {
    "idx": "SSN000072",
    "link_id_list": [
      "A219AS319723",
      "A219AS319724",
      "A219AS319725",
      "A219AS319726",
      "A219AS319164"
    ],
    "point": [
      [
        864.4178,
        -690.2969,
        7.842644
      ],
      [
        907.5399,
        -726.5779,
        8.286
      ],
      [
        909.7034,
        -724.2628,
        8.319
      ],
      [
        903.0449,
        -694.0739,
        4.365644
      ]
    ],
    "intersection_controller_id": "IntTL25",
    "signal_id_list": [
      "C119AS318339",
      "C119AS318345",
      "C119AS318346",
      "C119AS318336"
    ]
  },
  {
    "idx": "SSN000073",
    "link_id_list": [
      "A219AS318739",
      "A219AS319737",
      "A219AS319738",
      "A219AS319739"
    ],
    "point": [
      [
        896.0638,
        -689.0149,
        7.417644
      ],
      [
        898.7518,
        -691.0579,
        7.442644
      ],
      [
        887.5378,
        -735.1838,
        5.642644
      ],
      [
        913.3049,
        -717.6769,
        4.878644
      ]
    ],
    "intersection_controller_id": "IntTL25",
    "signal_id_list": [
      "C119AS318337",
      "C119AS318338",
      "C119AS318343",
      "C119AS318344"
    ]
  },
  {
    "idx": "SSN000074",
    "link_id_list": [
      "A219AS319663",
      "A219AS319662"
    ],
    "point": [
      [
        984.0839,
        -581.2438,
        3.845644
      ],
      [
        981.8439,
        -579.5248,
        3.906644
      ]
    ],
    "intersection_controller_id": "IntTL26",
    "signal_id_list": [
      "C119AS318329",
      "C119AS318330"
    ]
  },
  {
    "idx": "SSN000075",
    "link_id_list": [
      "A219AS319660",
      "A219AS319661"
    ],
    "point": [
      [
        998.1025,
        -572.9468,
        3.756644
      ],
      [
        1000.347,
        -574.8681,
        3.772644
      ]
    ],
    "intersection_controller_id": "IntTL26",
    "signal_id_list": [
      "C119AS318377",
      "C119AS318454"
    ]
  },
  {
    "idx": "SSN000076",
    "link_id_list": [
      "A219AS318887"
    ],
    "point": [
      [
        553.0538,
        -839.8413,
        8.375644
      ],
      [
        532.4078,
        -850.8423,
        8.485644
      ],
      [
        538.4404,
        -814.7105,
        11.76064
      ],
      [
        540.9834,
        -817.1105,
        11.69064
      ]
    ],
    "intersection_controller_id": "IntTL27",
    "signal_id_list": [
      "C119AS318157",
      "C119AS318159",
      "C119AS318277",
      "C119AS318278"
    ]
  },
  {
    "idx": "SSN000077",
    "link_id_list": [
      "A219AS319829",
      "A219AS319830",
      "A219AS319828",
      "A219AS318959"
    ],
    "point": [
      [
        505.947,
        -841.188,
        11.85064
      ],
      [
        503.1344,
        -839.3145,
        11.81464
      ]
    ],
    "intersection_controller_id": "IntTL27",
    "signal_id_list": [
      "C119AS318281",
      "C119AS318282"
    ]
  },
  {
    "idx": "SSN000078",
    "link_id_list": [
      "A219AS318912"
    ],
    "point": [
      [
        499.3224,
        -836.3905,
        8.872644
      ],
      [
        511.4154,
        -859.6075,
        8.542644
      ],
      [
        534.7553,
        -846.7739,
        11.62264
      ],
      [
        536.8656,
        -844.0844,
        11.61464
      ]
    ],
    "intersection_controller_id": "IntTL27",
    "signal_id_list": [
      "C119AS318283",
      "C119AS318284",
      "C119AS318285",
      "C119AS318286"
    ]
  },
  {
    "idx": "SSN000079",
    "link_id_list": [
      "A219AS318936"
    ],
    "point": [
      [
        544.9204,
        -819.7835,
        8.858644
      ],
      [
        533.8384,
        -795.8795,
        8.930644
      ],
      [
        507.6084,
        -811.5975,
        11.90364
      ],
      [
        510.0094,
        -808.7125,
        11.81364
      ]
    ],
    "intersection_controller_id": "IntTL27",
    "signal_id_list": [
      "C119AS318279",
      "C119AS318280",
      "C119AS318287",
      "C119AS318288"
    ]
  },
  {
    "idx": "SSN000080",
    "link_id_list": [
      "A219AS318904",
      "A219AS318903"
    ],
    "point": [
      [
        609.435,
        -721.112,
        9.526644
      ],
      [
        607.226,
        -719.208,
        9.523644
      ]
    ],
    "intersection_controller_id": "IntTL28",
    "signal_id_list": [
      "C119AS318226",
      "C119AS318227"
    ]
  },
  {
    "idx": "SSN000081",
    "link_id_list": [
      "A219AS318947",
      "A219AS318948",
      "A219AS318949"
    ],
    "point": [
      [
        629.6584,
        -704.6895,
        8.931644
      ],
      [
        631.8264,
        -706.6145,
        8.863644
      ]
    ],
    "intersection_controller_id": "IntTL28",
    "signal_id_list": [
      "C119AS318228",
      "C119AS318229"
    ]
  },
  {
    "idx": "SSN000082",
    "link_id_list": [
      "A219AS319756",
      "A219AS319757",
      "A219AS319758",
      "A219AS318958"
    ],
    "point": [
      [
        745.1044,
        -570.3575,
        6.419644
      ],
      [
        747.4354,
        -571.9565,
        6.327644
      ],
      [
        761.3834,
        -597.7985,
        3.729644
      ],
      [
        734.3964,
        -616.1535,
        3.545644
      ]
    ],
    "intersection_controller_id": "IntTL29",
    "signal_id_list": [
      "C119AS318230",
      "C119AS318231",
      "C119AS318238",
      "C119AS318241"
    ]
  },
  {
    "idx": "SSN000083",
    "link_id_list": [
      "A219AS319754",
      "A219AS319753",
      "A219AS319752",
      "A219AS319751",
      "A219AS318624"
    ],
    "point": [
      [
        740.8484,
        -608.0085,
        6.248644
      ],
      [
        738.8454,
        -610.2335,
        6.217
      ],
      [
        696.7434,
        -602.8125,
        3.673644
      ],
      [
        708.7554,
        -625.8885,
        3.562644
      ]
    ],
    "intersection_controller_id": "IntTL29",
    "signal_id_list": [
      "C119AS318239",
      "C119AS318240",
      "C119AS318247",
      "C119AS318275"
    ]
  },
  {
    "idx": "SSN000084",
    "link_id_list": [
      "A219AS319745",
      "A219AS319744",
      "A219AS319743",
      "A219AS319742",
      "A219AS319741",
      "A219AS318766"
    ],
    "point": [
      [
        708.2314,
        -568.8655,
        6.537644
      ],
      [
        710.2664,
        -566.7195,
        6.475644
      ],
      [
        739.1184,
        -552.9615,
        3.614644
      ],
      [
        752.0068,
        -574.6461,
        3.672644
      ]
    ],
    "intersection_controller_id": "IntTL29",
    "signal_id_list": [
      "C119AS318242",
      "C119AS318243",
      "C119AS318276",
      "C119AS318388"
    ]
  },
  {
    "idx": "SSN000085",
    "link_id_list": [
      "A219AS318740"
    ],
    "point": [
      [
        714.6944,
        -561.0525,
        3.623644
      ],
      [
        703.7864,
        -607.3275,
        6.500644
      ],
      [
        701.1004,
        -605.8985,
        6.481644
      ],
      [
        687.3024,
        -579.6315,
        3.561644
      ]
    ],
    "intersection_controller_id": "IntTL29",
    "signal_id_list": [
      "C119AS318244",
      "C119AS318245",
      "C119AS318246",
      "C119AS318274"
    ]
  },
  {
    "idx": "SSN000086",
    "link_id_list": [
      "A219AS318878",
      "A219AS318876",
      "A219AS318874"
    ],
    "point": [
      [
        831.0824,
        -467.1045,
        6.500644
      ],
      [
        833.4404,
        -469.0955,
        6.381644
      ]
    ],
    "intersection_controller_id": "IntTL30",
    "signal_id_list": [
      "C119AS318232",
      "C119AS318233"
    ]
  },
  {
    "idx": "SSN000087",
    "link_id_list": [
      "A219AS318868"
    ],
    "point": [
      [
        835.4744,
        -471.6365,
        3.508644
      ],
      [
        819.4514,
        -467.4445,
        6.430644
      ],
      [
        817.2344,
        -465.5125,
        6.346644
      ],
      [
        815.0844,
        -462.9055,
        3.369644
      ]
    ],
    "intersection_controller_id": "IntTL30",
    "signal_id_list": [
      "C119AS318234",
      "C119AS318235",
      "C119AS318236",
      "C119AS318237"
    ]
  },
  {
    "idx": "SSN000088",
    "link_id_list": [
      "A219AS318082"
    ],
    "point": [
      [
        452.9529,
        -398.1427,
        3.450644
      ],
      [
        471.7824,
        -425.1785,
        5.742644
      ],
      [
        469.4394,
        -423.3725,
        5.876644
      ],
      [
        481.7167,
        -377.6475,
        3.689644
      ]
    ],
    "intersection_controller_id": "IntTL31",
    "signal_id_list": [
      "C119AS318045",
      "C119AS318258",
      "C119AS318259",
      "C119AS318387"
    ]
  },
  {
    "idx": "SSN000089",
    "link_id_list": [
      "A219AS319772",
      "A219AS319771",
      "A219AS319770",
      "A219AS319769",
      "A219AS318164"
    ],
    "point": [
      [
        501.8454,
        -422.9225,
        6.37
      ],
      [
        498.1124,
        -427.5665,
        6.356644
      ],
      [
        466.8404,
        -422.1605,
        3.264644
      ],
      [
        470.4314,
        -437.7305,
        3.474644
      ]
    ],
    "intersection_controller_id": "IntTL31",
    "signal_id_list": [
      "C119AS318260",
      "C119AS318261",
      "C119AS318266",
      "C119AS318267"
    ]
  },
  {
    "idx": "SSN000090",
    "link_id_list": [
      "A219AS319764",
      "A219AS319763",
      "A219AS319762",
      "A219AS319761",
      "A219AS319760",
      "A219AS318660"
    ],
    "point": [
      [
        476.1174,
        -386.0655,
        6.389644
      ],
      [
        477.5964,
        -383.9915,
        6.371644
      ],
      [
        515.6144,
        -388.2965,
        3.207644
      ],
      [
        504.9544,
        -368.5625,
        3.080644
      ]
    ],
    "intersection_controller_id": "IntTL31",
    "signal_id_list": [
      "C119AS318256",
      "C119AS318257",
      "C119AS318264",
      "C119AS318269"
    ]
  },
  {
    "idx": "SSN000091",
    "link_id_list": [
      "A219AS319774",
      "A219AS319775"
    ],
    "point": [
      [
        509.3774,
        -383.2615,
        5.943644
      ],
      [
        511.4524,
        -385.2705,
        5.918644
      ],
      [
        525.6294,
        -411.0295,
        3.418644
      ],
      [
        495.1494,
        -430.9505,
        3.525644
      ]
    ],
    "intersection_controller_id": "IntTL31",
    "signal_id_list": [
      "C119AS318262",
      "C119AS318263",
      "C119AS318265",
      "C119AS318268"
    ]
  },
  {
    "idx": "SSN000092",
    "link_id_list": [
      "A219AS318300"
    ],
    "point": [
      [
        601.2187,
        -232.7485,
        3.378644
      ],
      [
        617.8847,
        -226.2915,
        3.411644
      ],
      [
        614.7794,
        -247.4585,
        6.143644
      ],
      [
        612.6824,
        -244.8495,
        6.113644
      ]
    ],
    "intersection_controller_id": "IntTL32",
    "signal_id_list": [
      "C119AS318170",
      "C119AS318172",
      "C119AS318248",
      "C119AS318249"
    ]
  },
  {
    "idx": "SSN000093",
    "link_id_list": [
      "A219AS318224"
    ],
    "point": [
      [
        608.4964,
        -241.8735,
        3.403644
      ],
      [
        628.0784,
        -250.2955,
        6.225644
      ],
      [
        626.274,
        -252.391,
        6.325
      ],
      [
        619.7844,
        -260.8555,
        3.404644
      ]
    ],
    "intersection_controller_id": "IntTL32",
    "signal_id_list": [
      "C119AS318250",
      "C119AS318254",
      "C119AS318255",
      "C119AS318270"
    ]
  },
  {
    "idx": "SSN000094",
    "link_id_list": [
      "A219AS319657",
      "A219AS319658",
      "A219AS319659"
    ],
    "point": [
      [
        630.8174,
        -234.7075,
        5.972644
      ],
      [
        632.878,
        -237.512,
        5.968644
      ],
      [
        637.4574,
        -240.0795,
        3.091644
      ],
      [
        628.4974,
        -221.9785,
        3.516644
      ]
    ],
    "intersection_controller_id": "IntTL32",
    "signal_id_list": [
      "C119AS318251",
      "C119AS318252",
      "C119AS318253",
      "C119AS318271"
    ]
  },
  {
    "idx": "SSN000095",
    "link_id_list": [
      "A219AS318464"
    ],
    "point": [
      [
        553.6407,
        -171.5555,
        3.339644
      ],
      [
        544.6057,
        -159.1375,
        3.469644
      ],
      [
        532.2977,
        -170.7175,
        5.863644
      ],
      [
        534.4457,
        -167.6315,
        5.904644
      ]
    ],
    "intersection_controller_id": "IntTL33",
    "signal_id_list": [
      "C119AS318150",
      "C119AS318152",
      "C119AS318156",
      "C119AS318158"
    ]
  },
  {
    "idx": "SSN000096",
    "link_id_list": [
      "A219AS318442"
    ],
    "point": [
      [
        536.4427,
        -163.5285,
        3.646644
      ],
      [
        524.5337,
        -186.9225,
        5.884644
      ],
      [
        526.7137,
        -188.8085,
        5.822644
      ],
      [
        518.9627,
        -171.2445,
        3.527644
      ]
    ],
    "intersection_controller_id": "IntTL33",
    "signal_id_list": [
      "C119AS318154",
      "C119AS318162",
      "C119AS318164",
      "C119AS318166"
    ]
  },
  {
    "idx": "SSN000097",
    "link_id_list": [
      "A219AS319640",
      "A219AS319641"
    ],
    "point": [
      [
        549.9548,
        -186.2567,
        6.026644
      ],
      [
        548.1339,
        -188.6167,
        6.059644
      ],
      [
        522.8187,
        -185.1225,
        3.383644
      ],
      [
        538.3057,
        -188.0055,
        3.395644
      ]
    ],
    "intersection_controller_id": "IntTL33",
    "signal_id_list": [
      "C119AS318082",
      "C119AS318084",
      "C119AS318160",
      "C119AS318168"
    ]
  },
  {
    "idx": "SSN000098",
    "link_id_list": [
      "A219AS318296"
    ],
    "point": [
      [
        546.3978,
        -190.6167,
        3.524644
      ],
      [
        547.0307,
        -166.3045,
        5.976644
      ],
      [
        549.8977,
        -168.7325,
        6.062644
      ],
      [
        554.5817,
        -177.7715,
        3.471644
      ]
    ],
    "intersection_controller_id": "IntTL33",
    "signal_id_list": [
      "C119AS318086",
      "C119AS318146",
      "C119AS318148",
      "C119AS318174"
    ]
  },
  {
    "idx": "SSN000099",
    "link_id_list": [
      "A219AS319630",
      "A219AS319631"
    ],
    "point": [
      [
        459.8137,
        -112.0465,
        5.827
      ],
      [
        462.2027,
        -113.8835,
        5.711644
      ],
      [
        455.6577,
        -133.7505,
        3.603644
      ],
      [
        473.8357,
        -125.9005,
        3.438644
      ]
    ],
    "intersection_controller_id": "IntTL34",
    "signal_id_list": [
      "C119AS318118",
      "C119AS318120",
      "C119AS318122",
      "C119AS318142"
    ]
  },
  {
    "idx": "SSN000100",
    "link_id_list": [
      "A219AS319628",
      "A219AS319627"
    ],
    "point": [
      [
        456.7887,
        -130.3795,
        5.950644
      ],
      [
        458.4447,
        -127.7105,
        5.906644
      ],
      [
        435.2327,
        -128.7625,
        3.794644
      ],
      [
        446.2427,
        -137.9285,
        3.519644
      ]
    ],
    "intersection_controller_id": "IntTL34",
    "signal_id_list": [
      "C119AS318124",
      "C119AS318126",
      "C119AS318132",
      "C119AS318144"
    ]
  },
  {
    "idx": "SSN000101",
    "link_id_list": [
      "A219AS318292"
    ],
    "point": [
      [
        434.8357,
        -123.9935,
        3.246644
      ],
      [
        440.822,
        -130.2745,
        6.443644
      ],
      [
        438.7084,
        -128.479,
        6.368644
      ],
      [
        446.6057,
        -109.7215,
        3.558644
      ]
    ],
    "intersection_controller_id": "IntTL34",
    "signal_id_list": [
      "C119AS318140",
      "C119AS318128",
      "C119AS318130",
      "C119AS318138"
    ]
  },
  {
    "idx": "SSN000102",
    "link_id_list": [
      "A219AS319631"
    ],
    "point": [
      [
        466.7437,
        -116.3995,
        3.062644
      ],
      [
        459.1047,
        -102.1495,
        3.363644
      ],
      [
        444.6017,
        -114.9245,
        5.908644
      ],
      [
        446.0207,
        -112.4375,
        5.852644
      ]
    ],
    "intersection_controller_id": "IntTL34",
    "signal_id_list": [
      "C119AS318116",
      "C119AS318114",
      "C119AS318134",
      "C119AS318136"
    ]
  },
  {
    "idx": "SSN000103",
    "link_id_list": [
      "A219AS318057"
    ],
    "point": [
      [
        198.5518,
        -201.0267,
        3.631644
      ],
      [
        216.4319,
        -230.6467,
        6.147644
      ],
      [
        214.0779,
        -228.5167,
        6.162644
      ],
      [
        227.6059,
        -180.6067,
        3.506644
      ]
    ],
    "intersection_controller_id": "IntTL35",
    "signal_id_list": [
      "C119AS318038",
      "C119AS318042",
      "C119AS318043",
      "C119AS318049"
    ]
  },
  {
    "idx": "SSN000104",
    "link_id_list": [
      "A219AS319791",
      "A219AS319792",
      "A219AS319793",
      "A219AS319794",
      "A219AS318145"
    ],
    "point": [
      [
        246.2439,
        -228.8307,
        6.303644
      ],
      [
        248.0779,
        -226.5427,
        6.372644
      ],
      [
        209.7999,
        -225.4867,
        3.363644
      ]
    ],
    "intersection_controller_id": "IntTL35",
    "signal_id_list": [
      "C119AS318039",
      "C119AS318040",
      "C119AS318044"
    ]
  },
  {
    "idx": "SSN000105",
    "link_id_list": [
      "A219AS319786",
      "A219AS319785",
      "A219AS319784",
      "A219AS319783",
      "A219AS319782",
      "A219AS319781",
      "A219AS318135"
    ],
    "point": [
      [
        223.3129,
        -186.7007,
        6.217644
      ],
      [
        221.4568,
        -188.8107,
        6.241644
      ],
      [
        251.5928,
        -170.2507,
        2.960644
      ],
      [
        263.7689,
        -192.9087,
        3.644644
      ]
    ],
    "intersection_controller_id": "IntTL35",
    "signal_id_list": [
      "C119AS318047",
      "C119AS318048",
      "C119AS318050",
      "C119AS318051"
    ]
  },
  {
    "idx": "SSN000106",
    "link_id_list": [
      "A219AS318057"
    ],
    "point": [
      [
        243.24,
        -235.66,
        3.482644
      ],
      [
        257.1517,
        -187.4925,
        6.411644
      ],
      [
        259.6227,
        -189.6975,
        6.410644
      ],
      [
        273.7439,
        -216.4167,
        3.641644
      ]
    ],
    "intersection_controller_id": "IntTL35",
    "signal_id_list": [
      "C119AS318041",
      "C119AS318112",
      "C119AS318113",
      "C119AS318046"
    ]
  },
  {
    "idx": "SSN000107",
    "link_id_list": [
      "A219AS319623",
      "A219AS319624",
      "A219AS319625"
    ],
    "point": [
      [
        363.9997,
        -63.34753,
        6.394
      ],
      [
        366.9067,
        -65.43653,
        6.371
      ],
      [
        357.9507,
        -85.76753,
        3.309644
      ],
      [
        376.3027,
        -76.16053,
        3.275644
      ]
    ],
    "intersection_controller_id": "IntTL36",
    "signal_id_list": [
      "C119AS318088",
      "C119AS318090",
      "C119AS318094",
      "C119AS318110"
    ]
  },
  {
    "idx": "SSN000108",
    "link_id_list": [
      "A219AS318288"
    ],
    "point": [
      [
        317.7029,
        -68.0107,
        3.277644
      ],
      [
        333.2538,
        -58.0317,
        3.343644
      ],
      [
        332.0441,
        -80.96056,
        6.618
      ],
      [
        334.436,
        -82.223,
        6.75
      ]
    ],
    "intersection_controller_id": "IntTL36",
    "signal_id_list": [
      "C119AS318064",
      "C119AS318066",
      "C119AS318102",
      "C119AS318104"
    ]
  },
  {
    "idx": "SSN000109",
    "link_id_list": [
      "A219AS319615",
      "A219AS319614"
    ],
    "point": [
      [
        360.283,
        -77.703,
        6.324
      ],
      [
        359.2996,
        -80.40779,
        6.36
      ],
      [
        324.8207,
        -76.87154,
        3.452644
      ],
      [
        346.6147,
        -94.31554,
        3.696644
      ]
    ],
    "intersection_controller_id": "IntTL36",
    "signal_id_list": [
      "C119AS318096",
      "C119AS318098",
      "C119AS318100",
      "C119AS318106"
    ]
  },
  {
    "idx": "SSN000110",
    "link_id_list": [
      "A219AS319617",
      "A219AS319616"
    ],
    "point": [
      [
        331.648,
        -64.412,
        6.336
      ],
      [
        333.107,
        -60.987,
        6.307
      ],
      [
        372.2987,
        -68.68753,
        3.364644
      ],
      [
        350.0467,
        -52.64853,
        3.991644
      ]
    ],
    "intersection_controller_id": "IntTL36",
    "signal_id_list": [
      "C119AS318068",
      "C119AS318070",
      "C119AS318092",
      "C119AS318108"
    ]
  },
  {
    "idx": "SSN000111",
    "link_id_list": [
      "A219AS319609"
    ],
    "point": [
      [
        230.5269,
        -33.2287,
        3.551644
      ],
      [
        235.5688,
        -35.52871,
        6.779
      ],
      [
        233.0069,
        -33.9137,
        6.696
      ],
      [
        232.3059,
        -47.9127,
        3.723644
      ]
    ],
    "intersection_controller_id": "IntTL37",
    "signal_id_list": [
      "C119AS318055",
      "C119AS318056",
      "C119AS318057",
      "C119AS318061"
    ]
  },
  {
    "idx": "SSN000112",
    "link_id_list": [
      "A219AS319610"
    ],
    "point": [
      [
        256.26,
        -13.22,
        6.8
      ],
      [
        258.03,
        -14.67,
        6.807
      ],
      [
        242.8699,
        -42.8947,
        3.569644
      ],
      [
        259.0669,
        -31.9237,
        3.563644
      ]
    ],
    "intersection_controller_id": "IntTL37",
    "signal_id_list": [
      "C119AS318053",
      "C119AS318054",
      "C119AS318060",
      "C119AS318062"
    ]
  },
  {
    "idx": "SSN000113",
    "link_id_list": [
      "A219AS318312"
    ],
    "point": [
      [
        245.3089,
        -15.9437,
        3.801644
      ],
      [
        235.328,
        -27.361,
        6.823
      ],
      [
        237.165,
        -25.014,
        6.813
      ],
      [
        259.3669,
        -16.0977,
        3.742644
      ]
    ],
    "intersection_controller_id": "IntTL37",
    "signal_id_list": [
      "C119AS318052",
      "C119AS318058",
      "C119AS318059",
      "C119AS318080"
    ]
  },
  {
    "idx": "SSN000114",
    "link_id_list": [
      "A219AS319855"
    ],
    "point": [
      [
        -0.33,
        -270.94,
        6.326
      ],
      [
        0.35,
        -268.23,
        6.521
      ],
      [
        0.278717,
        -265.3345,
        3.221644
      ],
      [
        -9.910283,
        -274.0865,
        3.257644
      ],
      [
        -32.04,
        -256.684,
        5.721
      ]
    ],
    "intersection_controller_id": "IntTL38",
    "signal_id_list": [
      "C119AS318176",
      "C119AS318178",
      "C119AS318180",
      "C119AS318182",
      "C119AS318188"
    ]
  },
  {
    "idx": "SSN000115",
    "link_id_list": [
      "A219AS319856"
    ],
    "point": [
      [
        -1.073283,
        -270.8725,
        6.338644
      ],
      [
        -32.58628,
        -256.5065,
        5.749644
      ],
      [
        -33.93628,
        -259.2735,
        5.657644
      ],
      [
        -34.56528,
        -261.7705,
        3.082644
      ],
      [
        -23.17528,
        -254.5325,
        2.714644
      ]
    ],
    "intersection_controller_id": "IntTL38",
    "signal_id_list": [
      "C119AS318184",
      "C119AS318186",
      "C119AS318190",
      "C119AS318192",
      "C119AS318194"
    ]
  },
  {
    "idx": "SSN000116",
    "link_id_list": [
      "A219AS319599"
    ],
    "point": [
      [
        -27.83171,
        -547.8699,
        4.573
      ],
      [
        -30.05971,
        -546.1469,
        4.585
      ]
    ],
    "intersection_controller_id": "IntTL39",
    "signal_id_list": [
      "C119AS318448",
      "C119AS318449"
    ]
  },
  {
    "idx": "SSN000117",
    "link_id_list": [
      "A219AS319234"
    ],
    "point": [
      [
        -32.56971,
        -543.9459,
        1.374144
      ],
      [
        -20.30071,
        -544.2969,
        4.451
      ],
      [
        -17.07171,
        -546.9359,
        1.138144
      ]
    ],
    "intersection_controller_id": "IntTL39",
    "signal_id_list": [
      "C119AS318450",
      "C119AS318452",
      "C119AS318453"
    ]
  },
  {
    "idx": "SSN000118",
    "link_id_list": [
      "A219AS319802",
      "A219AS319803"
    ],
    "point": [
      [
        753.3777,
        -1027.59,
        18.25164
      ],
      [
        751.4788,
        -1029.982,
        18.26364
      ]
    ],
    "intersection_controller_id": "IntTL40",
    "signal_id_list": [
      "C119AS318169",
      "C119AS318171"
    ]
  },
  {
    "idx": "SSN000119",
    "link_id_list": [
      "A219AS319800",
      "A219AS319801"
    ],
    "point": [
      [
        782.3387,
        -1039.117,
        20.92164
      ],
      [
        783.953,
        -1036.811,
        21.09
      ]
    ],
    "intersection_controller_id": "IntTL40",
    "signal_id_list": [
      "C119AS318173",
      "C119AS318175"
    ]
  },
  {
    "idx": "SSN000120",
    "link_id_list": [
      "A219AS319722",
      "A219AS319721"
    ],
    "point": [
      [
        1007.308,
        -816.0419,
        15.55564
      ],
      [
        1005.026,
        -818.5599,
        15.45164
      ],
      [
        990.5909,
        -813.7488,
        11.66264
      ],
      [
        1007.968,
        -791.1269,
        11.60464
      ]
    ],
    "intersection_controller_id": "IntTL41",
    "signal_id_list": [
      "C119AS318347",
      "C119AS318348",
      "C119AS318349",
      "C119AS318350"
    ]
  },
  {
    "idx": "SSN000121",
    "link_id_list": [
      "A219AS319720",
      "A219AS319719",
      "A219AS319718",
      "A219AS319717"
    ],
    "point": [
      [
        1002.501,
        -797.4799,
        14.584
      ],
      [
        1004.515,
        -794.5869,
        14.62
      ]
    ],
    "intersection_controller_id": "IntTL41",
    "signal_id_list": [
      "C119AS318351",
      "C119AS318352"
    ]
  },
  {
    "idx": "SSN000122",
    "link_id_list": [
      "A219AS318704",
      "A219AS318702",
      "A219AS318700"
    ],
    "point": [
      [
        955.1368,
        -612.6309,
        4.110644
      ],
      [
        953.1038,
        -610.9308,
        4.045644
      ]
    ],
    "intersection_controller_id": "IntTL42",
    "signal_id_list": [
      "C119AS318331",
      "C119AS318332"
    ]
  },
  {
    "idx": "SSN000123",
    "link_id_list": [
      "A219AS318794",
      "A219AS318796"
    ],
    "point": [
      [
        959.6398,
        -617.1838,
        3.775644
      ],
      [
        961.9938,
        -619.3749,
        3.719644
      ],
      [
        963.7159,
        -620.6238,
        0.870644
      ],
      [
        950.3328,
        -608.3948,
        1.151644
      ]
    ],
    "intersection_controller_id": "IntTL42",
    "signal_id_list": [
      "C119AS318334",
      "C119AS318335",
      "C119AS318378",
      "C119AS318333"
    ]
  },
  {
    "idx": "SSN000124",
    "link_id_list": [
      "A219AS319056"
    ],
    "point": [
      [
        1152.859,
        -938.3259,
        13.37164
      ],
      [
        1175.728,
        -920.5168,
        13.85464
      ],
      [
        1168.689,
        -937.0539,
        16.898
      ],
      [
        1166.394,
        -939.7979,
        16.93
      ]
    ],
    "intersection_controller_id": "IntTL43",
    "signal_id_list": [
      "C119AS318357",
      "C119AS318358",
      "C119AS318359",
      "C119AS318360"
    ]
  },
  {
    "idx": "SSN000125",
    "link_id_list": [
      "A219AS319146",
      "A219AS319143",
      "A219AS319142"
    ],
    "point": [
      [
        1157.134,
        -913.0878,
        16.891
      ],
      [
        1155.133,
        -915.8678,
        16.919
      ]
    ],
    "intersection_controller_id": "IntTL43",
    "signal_id_list": [
      "C119AS318381",
      "C119AS318382"
    ]
  },
  {
    "idx": "SSN000126",
    "link_id_list": [],
    "point": [
      [
        -523.5332060825313,
        -319.4013750227168,
        5.966644141612576
      ],
      [
        -521.3222062360728,
        -323.2413749350235,
        6.056644055781888
      ]
    ],
    "intersection_controller_id": "IntTL9",
    "signal_id_list": [
      "C119AS318434",
      "C119AS318433"
    ]
  },
  {
    "idx": "SSN000127",
    "link_id_list": [
      "LN000045"
    ],
    "point": [
      [
        1637.794801991433,
        -1036.2223680070601,
        6.2456441664081055
      ],
      [
        1641.1348019914585,
        -1037.9513680068776,
        6.383644166408111
      ]
    ],
    "intersection_controller_id": "IntTL44",
    "signal_id_list": [
      "C1218C100057",
      "C1218C100058"
    ]
  },
  {
    "idx": "SSN000128",
    "link_id_list": [
      "LN000047"
    ],
    "point": [
      [
        1640.8788019914064,
        -1038.342368007172,
        6.3606441664081075
      ],
      [
        1637.5078019914217,
        -1036.5723680071533,
        6.314644166408108
      ]
    ],
    "intersection_controller_id": "IntTL44",
    "signal_id_list": [
      "C1218C100059",
      "C1218C100056"
    ]
  },
  {
    "idx": "SSN000129",
    "link_id_list": [
      "LN000041"
    ],
    "point": [
      [
        1573.3768019914278,
        -1271.3473680070601,
        7.8776441664081105
      ],
      [
        1576.462801991438,
        -1271.932368007023,
        7.9146441664081095
      ]
    ],
    "intersection_controller_id": "IntTL45",
    "signal_id_list": [
      "C1218C100055",
      "C1218C100054"
    ]
  },
  {
    "idx": "SSN000130",
    "link_id_list": [
      "LN000043"
    ],
    "point": [
      [
        1581.3598019914352,
        -1243.215368006844,
        7.342644166408107
      ],
      [
        1579.4238019914483,
        -1242.8663680069149,
        7.36864416640811
      ],
      [
        1583.9108019914129,
        -1242.9533680072054,
        4.49664416640811
      ],
      [
        1575.4188019914436,
        -1237.373368007131,
        4.730644166408112
      ],
      [
        1582.803801991453,
        -1288.501368007157,
        4.203644166408111
      ],
      [
        1571.2318019914092,
        -1271.4433680069633,
        5.046644166408107
      ]
    ],
    "intersection_controller_id": "IntTL45",
    "signal_id_list": [
      "C1218C100049",
      "C1218C100050",
      "C1218C100048",
      "C1218C100051",
      "C1218C100052",
      "C1218C100053"
    ]
  },
  {
    "idx": "SSN000131",
    "link_id_list": [
      "A2218C100355",
      "A2218C100356",
      "A2218C100423"
    ],
    "point": [
      [
        1469.7358019914245,
        -1920.9853680068627,
        6.0026441664081105
      ],
      [
        1467.7018019914394,
        -1955.1133680068888,
        5.565644166408106
      ]
    ],
    "intersection_controller_id": "IntTL46",
    "signal_id_list": [
      "C1218C100027",
      "C1218C100026"
    ]
  },
  {
    "idx": "SSN000132",
    "link_id_list": [
      "A2218C100413",
      "A2218C100411",
      "A2218C100409",
      "A2218C100415"
    ],
    "point": [
      [
        1439.096801991458,
        -1921.6803680071607,
        8.56064416640811
      ],
      [
        1441.3268019914394,
        -1914.7673680069856,
        5.919644166408112
      ],
      [
        1446.459801991412,
        -1943.6763680069707,
        5.759644166408108
      ],
      [
        1438.3598019914352,
        -1924.4853680068627,
        8.522644166408107
      ]
    ],
    "intersection_controller_id": "IntTL46",
    "signal_id_list": [
      "C1218C100021",
      "C1218C100020",
      "C1218C100023",
      "C1218C100022"
    ]
  },
  {
    "idx": "SSN000133",
    "link_id_list": [
      "A2218C100417",
      "A2218C100419",
      "A2218C100421"
    ],
    "point": [
      [
        1448.081801991444,
        -1933.5143680069596,
        8.335644166408109
      ],
      [
        1447.761801991437,
        -1936.3433680068702,
        8.288644166408112
      ]
    ],
    "intersection_controller_id": "IntTL46",
    "signal_id_list": [
      "C1218C100025",
      "C1218C100024"
    ]
  },
  {
    "idx": "SSN000134",
    "link_id_list": [
      "A2218C100309",
      "A2218C100308",
      "A2218C100307"
    ],
    "point": [
      [
        1673.642801991431,
        -2019.903368006926,
        6.422644166408112
      ],
      [
        1675.7638019914157,
        -2022.244368006941,
        6.437644166408106
      ],
      [
        1686.4188019914436,
        -2044.4803680069745,
        3.672644166408112
      ],
      [
        1660.258801991411,
        -2054.402368007228,
        3.5696441664081107
      ]
    ],
    "intersection_controller_id": "IntTL47",
    "signal_id_list": [
      "C1218C100064",
      "C1218C100065",
      "C1218C100037",
      "C1218C100033"
    ]
  },
  {
    "idx": "SSN000135",
    "link_id_list": [
      "A2218C100336",
      "A2218C100286",
      "A2218C100284",
      "A2218C100285",
      "A2218C100287",
      "A2218C100288"
    ],
    "point": [
      [
        1642.4368019914255,
        -2012.2063680072315,
        6.123644166408106
      ],
      [
        1680.5368019914022,
        -2050.473368007224,
        6.43264416640811
      ],
      [
        1682.7358019914245,
        -2048.5403680070303,
        6.392644166408111
      ]
    ],
    "intersection_controller_id": "IntTL47",
    "signal_id_list": [
      "C1218C100028",
      "C1218C100036",
      "C1218C100035"
    ]
  },
  {
    "idx": "SSN000136",
    "link_id_list": [
      "A2218C100289",
      "A2218C100305",
      "A2218C100306"
    ],
    "point": [
      [
        1630.8738019914017,
        -2038.903368006926,
        6.72864416640811
      ],
      [
        1628.5858019914012,
        -2035.7413680069149,
        6.6376441664081085
      ],
      [
        1648.2288019914413,
        -2003.6583680068143,
        3.1446441664081064
      ],
      [
        1621.6198019914445,
        -2023.5333680068143,
        3.703644166408111
      ]
    ],
    "intersection_controller_id": "IntTL47",
    "signal_id_list": [
      "C1218C100066",
      "C1218C100067",
      "C1218C100029",
      "C1218C100030"
    ]
  },
  {
    "idx": "SSN000137",
    "link_id_list": [
      "A2218C100283",
      "A2218C100290",
      "A2218C100291",
      "A2218C100303",
      "A2218C100304",
      "A2218C100353"
    ],
    "point": [
      [
        1625.5198019914096,
        -2016.2283680071123,
        6.653644166408107
      ],
      [
        1623.938801991404,
        -2018.6873680069111,
        6.61864416640811
      ],
      [
        1665.2688019914203,
        -2047.6773680071346,
        6.239644166408112
      ]
    ],
    "intersection_controller_id": "IntTL47",
    "signal_id_list": [
      "C1218C100032",
      "C1218C100031",
      "C1218C100034"
    ]
  },
  {
    "idx": "SSN000138",
    "link_id_list": [
      "LN000039"
    ],
    "point": [
      [
        1555.3308019914548,
        -1571.587368006818,
        8.01164416640811
      ],
      [
        1560.5438019914436,
        -1572.5373680070043,
        5.1276441664081105
      ],
      [
        1553.1108019914245,
        -1579.1203680071048,
        5.450644166408111
      ]
    ],
    "intersection_controller_id": "IntTL51",
    "signal_id_list": [
      "C1218C100045",
      "C1218C100047",
      "C1218C100044"
    ]
  },
  {
    "idx": "SSN000139",
    "link_id_list": [
      "A2218C100379",
      "A2218C100302",
      "A2218C100301",
      "A2218C100300",
      "A2218C100299"
    ],
    "point": [
      [
        1879.8598019914352,
        -2286.469368007034,
        9.828644166408111
      ],
      [
        1880.7568019914324,
        -2288.9903680072166,
        9.87764416640811
      ],
      [
        1842.11480199144,
        -2308.4873680071905,
        9.518644166408109
      ],
      [
        1861.6038019914413,
        -2281.970368007198,
        6.99064416640811
      ],
      [
        1831.8218019914348,
        -2286.1803680071607,
        7.199644166408106
      ]
    ],
    "intersection_controller_id": "IntTL48",
    "signal_id_list": [
      "C1218C100062",
      "C1218C100063",
      "C1218C100061",
      "C1218C100038",
      "C1218C100041"
    ]
  },
  {
    "idx": "SSN000140",
    "link_id_list": [
      "A2218C100362",
      "A2218C100372",
      "A2218C100364",
      "A2218C100366",
      "A2218C100368",
      "A2218C100370",
      "A2218C100321"
    ],
    "point": [
      [
        1837.9158019914175,
        -2281.7113680071197,
        10.046644166408107
      ],
      [
        1840.3998019914143,
        -2280.2283680071123,
        10.135644166408106
      ]
    ],
    "intersection_controller_id": "IntTL48",
    "signal_id_list": [
      "C1218C100042",
      "C1218C100043"
    ]
  },
  {
    "idx": "SSN000141",
    "link_id_list": [
      "A2218C100377",
      "A2218C100375",
      "A2218C100297",
      "A2218C100373",
      "A2218C100298"
    ],
    "point": [
      [
        1855.8668019914185,
        -2286.6393680069596,
        9.88664416640811
      ],
      [
        1853.4408019914408,
        -2288.3463680068962,
        9.94164416640811
      ],
      [
        1876.584801991412,
        -2279.272368006874,
        6.835644166408109
      ]
    ],
    "intersection_controller_id": "IntTL48",
    "signal_id_list": [
      "C1218C100039",
      "C1218C100040",
      "C1218C100060"
    ]
  },
  {
    "idx": "SSN000142",
    "link_id_list": [
      "A2218C100048",
      "A2218C100047"
    ],
    "point": [
      [
        -40.85419800854288,
        -1345.7113680071197,
        24.814644166408108
      ],
      [
        -37.8181980085792,
        -1348.2343680071644,
        24.77064416640811
      ]
    ],
    "intersection_controller_id": "IntTL49",
    "signal_id_list": [
      "C1218C100004",
      "C1218C100003"
    ]
  },
  {
    "idx": "SSN000143",
    "link_id_list": [
      "A2218C100007",
      "A2218C100008"
    ],
    "point": [
      [
        -74.58619800856104,
        -1382.7583680069074,
        27.522644166408107
      ],
      [
        -77.73719800857361,
        -1380.438368007075,
        27.53564416640811
      ]
    ],
    "intersection_controller_id": "IntTL49",
    "signal_id_list": [
      "C1218C100006",
      "C1218C100005"
    ]
  },
  {
    "idx": "SSN000144",
    "link_id_list": [
      "A2218C100038"
    ],
    "point": [
      [
        -173.09519800858106,
        -1523.6363680069335,
        28.62464416640811
      ],
      [
        -170.26519800856477,
        -1526.2843680069782,
        28.684644166408113
      ]
    ],
    "intersection_controller_id": "IntTL50",
    "signal_id_list": [
      "C1218C100007",
      "C1218C100008"
    ]
  },
  {
    "idx": "SSN000145",
    "link_id_list": [
      "A2218C100040",
      "A2218C100039"
    ],
    "point": [
      [
        -169.52519800857408,
        -1529.8463680068962,
        28.912644166408107
      ],
      [
        -170.58819800859783,
        -1531.4803680069745,
        28.873644166408106
      ],
      [
        -189.9081980085466,
        -1529.5103680072352,
        25.39064416640811
      ],
      [
        -181.5451980085927,
        -1546.7753680069,
        24.91764416640811
      ]
    ],
    "intersection_controller_id": "IntTL50",
    "signal_id_list": [
      "C1218C100009",
      "C1218C100010",
      "C1218C100014",
      "C1218C100013"
    ]
  },
  {
    "idx": "SSN000146",
    "link_id_list": [
      "A2218C100041",
      "A2218C100037"
    ],
    "point": [
      [
        -196.10619800857967,
        -1548.095368007198,
        27.25264416640811
      ],
      [
        -199.02919800858945,
        -1545.5063680070452,
        27.27464416640811
      ]
    ],
    "intersection_controller_id": "IntTL50",
    "signal_id_list": [
      "C1218C100011",
      "C1218C100012"
    ]
  },
  {
    "idx": "SSN000147",
    "link_id_list": [
      "LN000037"
    ],
    "point": [
      [
        1558.3688019914553,
        -1572.02936800709,
        7.956644166408111
      ]
    ],
    "intersection_controller_id": "IntTL51",
    "signal_id_list": [
      "C1218C100046"
    ]
  },
  {
    "idx": "SSN000148",
    "link_id_list": [],
    "point": [
      [
        915.121968970122,
        -1045.603246525754,
        31.518644153056663
      ],
      [
        916.7990329775723,
        -1049.2437837318387,
        31.518644153056663
      ]
    ],
    "intersection_controller_id": "IntTL52",
    "signal_id_list": [
      "SN000515",
      "SN001549"
    ]
  }
]